Workbook

Sheet Laporan
C1: ID TRAINING CENTER
C2: LAPORAN PENDAFTARAAN PESERTA PELATIHAN
C3: BULAN JANUARI 2022
A5: NO | B5: NO.INDUK | C5: NAMA PESERTA | D5: NAMA KELAS | E5: PEKERJAAN | F5: BIAYA | G5: DISKON | H5: TOTAL BIAYA
A6: 1 | B6: MO-107-2 | C6: Djamilah | D6: =VLOOKUP(LEFT(B6,2),'tabel bantu'!$A$2:$C$7,2,FALSE) -> Microsoft Office | E6: =IF(RIGHT(B6,1)="1","Pelajar",IF(RIGHT(B6,1)="2","Umum","Tidak Diketahui")) -> Umum | F6: =VLOOKUP(LEFT(B6,2),'tabel bantu'!$A$2:$C$7,3,FALSE) -> 500000 | G6: =IF(OR(LEFT(B6,2)="DM",RIGHT(B6,1)="1"),15/100*F6,0) -> 0 | H6: =SUM(F6,G6) -> 500000
A7: 2 | B7: CA-116-1 | C7: Jamaludin | D7: =VLOOKUP(LEFT(B7,2),'tabel bantu'!$A$2:$C$7,2,FALSE) -> Computerized Accounting | E7: =IF(RIGHT(B7,1)="1","Pelajar",IF(RIGHT(B7,1)="2","Umum","Tidak Diketahui")) -> Pelajar | F7: =VLOOKUP(LEFT(B7,2),'tabel bantu'!$A$2:$C$7,3,FALSE) -> 600000 | G7: =IF(OR(LEFT(B7,2)="DM",RIGHT(B7,1)="1"),15/100*F7,0) -> 90000 | H7: =SUM(F7,-G7) -> 510000
A8: 3 | B8: DM-105-2 | C8: Bela Ngadiya | D8: =VLOOKUP(LEFT(B8,2),'tabel bantu'!$A$2:$C$7,2,FALSE) -> Digital Marketing | E8: =IF(RIGHT(B8,1)="1","Pelajar",IF(RIGHT(B8,1)="2","Umum","Tidak Diketahui")) -> Umum | F8: =VLOOKUP(LEFT(B8,2),'tabel bantu'!$A$2:$C$7,3,FALSE) -> 850000 | G8: =IF(OR(LEFT(B8,2)="DM",RIGHT(B8,1)="1"),15/100*F8,0) -> 127500 | H8: =SUM(F8,-G8) -> 722500
A9: 4 | B9: SP-113-2 | C9: Muqoddam | D9: =VLOOKUP(LEFT(B9,2),'tabel bantu'!$A$2:$C$7,2,FALSE) -> Senior Programming | E9: =IF(RIGHT(B9,1)="1","Pelajar",IF(RIGHT(B9,1)="2","Umum","Tidak Diketahui")) -> Umum | F9: =VLOOKUP(LEFT(B9,2),'tabel bantu'!$A$2:$C$7,3,FALSE) -> 750000 | G9: =IF(OR(LEFT(B9,2)="DM",RIGHT(B9,1)="1"),15/100*F9,0) -> 0 | H9: =SUM(F9,-G9) -> 750000
A10: 5 | B10: MO-118-2 | C10: Chaerudin | D10: =VLOOKUP(LEFT(B10,2),'tabel bantu'!$A$2:$C$7,2,FALSE) -> Microsoft Office | E10: =IF(RIGHT(B10,1)="1","Pelajar",IF(RIGHT(B10,1)="2","Umum","Tidak Diketahui")) -> Umum | F10: =VLOOKUP(LEFT(B10,2),'tabel bantu'!$A$2:$C$7,3,FALSE) -> 500000 | G10: =IF(OR(LEFT(B10,2)="DM",RIGHT(B10,1)="1"),15/100*F10,0) -> 0 | H10: =SUM(F10,-G10) -> 500000
A11: 6 | B11: MO-103-2 | C11: Erza Syafi'e | D11: =VLOOKUP(LEFT(B11,2),'tabel bantu'!$A$2:$C$7,2,FALSE) -> Microsoft Office | E11: =IF(RIGHT(B11,1)="1","Pelajar",IF(RIGHT(B11,1)="2","Umum","Tidak Diketahui")) -> Umum | F11: =VLOOKUP(LEFT(B11,2),'tabel bantu'!$A$2:$C$7,3,FALSE) -> 500000 | G11: =IF(OR(LEFT(B11,2)="DM",RIGHT(B11,1)="1"),15/100*F11,0) -> 0 | H11: =SUM(F11,-G11) -> 500000
A12: 7 | B12: CA-110-1 | C12: Merry Rayana | D12: =VLOOKUP(LEFT(B12,2),'tabel bantu'!$A$2:$C$7,2,FALSE) -> Computerized Accounting | E12: =IF(RIGHT(B12,1)="1","Pelajar",IF(RIGHT(B12,1)="2","Umum","Tidak Diketahui")) -> Pelajar | F12: =VLOOKUP(LEFT(B12,2),'tabel bantu'!$A$2:$C$7,3,FALSE) -> 600000 | G12: =IF(OR(LEFT(B12,2)="DM",RIGHT(B12,1)="1"),15/100*F12,0) -> 90000 | H12: =SUM(F12,-G12) -> 510000
A13: 8 | B13: MO-112-1 | C13: Haryadi Susilo | D13: =VLOOKUP(LEFT(B13,2),'tabel bantu'!$A$2:$C$7,2,FALSE) -> Microsoft Office | E13: =IF(RIGHT(B13,1)="1","Pelajar",IF(RIGHT(B13,1)="2","Umum","Tidak Diketahui")) -> Pelajar | F13: =VLOOKUP(LEFT(B13,2),'tabel bantu'!$A$2:$C$7,3,FALSE) -> 500000 | G13: =IF(OR(LEFT(B13,2)="DM",RIGHT(B13,1)="1"),15/100*F13,0) -> 75000 | H13: =SUM(F13,-G13) -> 425000
A14: 9 | B14: GD-108-2 | C14: Joko Suprapto | D14: =VLOOKUP(LEFT(B14,2),'tabel bantu'!$A$2:$C$7,2,FALSE) -> Graphic Design | E14: =IF(RIGHT(B14,1)="1","Pelajar",IF(RIGHT(B14,1)="2","Umum","Tidak Diketahui")) -> Umum | F14: =VLOOKUP(LEFT(B14,2),'tabel bantu'!$A$2:$C$7,3,FALSE) -> 800000 | G14: =IF(OR(LEFT(B14,2)="DM",RIGHT(B14,1)="1"),15/100*F14,0) -> 0 | H14: =SUM(F14,-G14) -> 800000
A15: 10 | B15: GD-114-2 | C15: Zainuddin | D15: =VLOOKUP(LEFT(B15,2),'tabel bantu'!$A$2:$C$7,2,FALSE) -> Graphic Design | E15: =IF(RIGHT(B15,1)="1","Pelajar",IF(RIGHT(B15,1)="2","Umum","Tidak Diketahui")) -> Umum | F15: =VLOOKUP(LEFT(B15,2),'tabel bantu'!$A$2:$C$7,3,FALSE) -> 800000 | G15: =IF(OR(LEFT(B15,2)="DM",RIGHT(B15,1)="1"),15/100*F15,0) -> 0 | H15: =SUM(F15,-G15) -> 800000
B18: STATISTIK BERDASARKAN DATA KELAS | E18: STATISTIKI BERDASARKAN DATA KELAS
B19: KELAS | C19: TOTAL BIAYA | E19: TOTAL BIAYA: | F19: =SUM(Laporan!H6:H15) -> 6017500
B20: Computerized Accounting | C20: =SUMIF(Laporan!D6:D15,"Computerized Accounting",Laporan!H6:H15) -> 1020000 | E20: RATA - RATA BIAYA: | F20: =AVERAGE(Laporan!H6:H15) -> 601750
B21: Graphic Design | C21: =SUMIF(D6:D15,"Graphic Design",Laporan!H6:H15) -> 1600000 | E21: RATA - RATA BIAYA KELAS Ms.Office: | F21: =AVERAGEIF(Laporan!D6:D15, "Microsoft Office",Laporan!H6:H15) -> 481250
B22: Microsoft Office | C22: =SUMIF(Laporan!D6:D15,"Microsoft Office",Laporan!H6:H15) -> 1925000 | E22: TOTAL BIAYA TERTINGGI: | F22: =MAX(Laporan!H6:H15) -> 800000
B23: Senior Programming | C23: =SUMIF(Laporan!D6:D15,"Senior Programming",Laporan!H6:H15) -> 750000 | E23: TOTAL BIAYA TERENDAH: | F23: =MIN(Laporan!H6:H15) -> 425000
B24: Digital Marketing | C24: =SUMIF(Laporan!D6:D15,"Digital Marketing",Laporan!H6:H15) -> 722500 | E24: JUMLAH DATA: | F24: =COUNT(Laporan!A6:A15) -> 10

Sheet tabel bantu
A1: TABEL BANTU
A2: KODE KELAS | B2: NAMA KELAS | C2: BIAYA
A3: CA | B3: Computerized Accounting | C3: 600000
A4: GD | B4: Graphic Design | C4: 800000
A5: MO | B5: Microsoft Office | C5: 500000
A6: SP | B6: Senior Programming | C6: 750000
A7: DM | B7: Digital Marketing | C7: 850000

Sheet SHORT-FILTER
C1: ID TRAINING CENTER
C2: LAPORAN PENDAFTARAAN PESERTA PELATIHAN
C3: BULAN JANUARI 2022
A4: FILTER
A5: NO | B5: NO.INDUK | C5: NAMA PESERTA | D5: PEKERJAAN | E5: NAMA KELAS | F5: BIAYA | G5: DISKON | H5: TOTAL BIAYA
A6: 2 | B6: CA-116-1 | C6: Jamaludin | D6: =IF(RIGHT(B6,1)="1","Pelajar",IF(RIGHT(B6,1)="2","Umum","Tidak Diketahui")) -> Pelajar | E6: =VLOOKUP(LEFT(B6,2),'tabel bantu'!$A$2:$C$7,2,FALSE) -> Computerized Accounting | F6: =VLOOKUP(LEFT(B6,2),'tabel bantu'!$A$2:$C$7,3,FALSE) -> 600000 | G6: =IF(OR(LEFT(B6,2)="DM",RIGHT(B6,1)="1"),15/100*F6,0) -> 90000 | H6: =SUM(F6,-G6) -> 510000
A7: 7 | B7: CA-110-1 | C7: Merry Rayana | D7: =IF(RIGHT(B7,1)="1","Pelajar",IF(RIGHT(B7,1)="2","Umum","Tidak Diketahui")) -> Pelajar | E7: =VLOOKUP(LEFT(B7,2),'tabel bantu'!$A$2:$C$7,2,FALSE) -> Computerized Accounting | F7: =VLOOKUP(LEFT(B7,2),'tabel bantu'!$A$2:$C$7,3,FALSE) -> 600000 | G7: =IF(OR(LEFT(B7,2)="DM",RIGHT(B7,1)="1"),15/100*F7,0) -> 90000 | H7: =SUM(F7,-G7) -> 510000
A8: 3 | B8: DM-105-2 | C8: Bela Ngadiya | D8: =IF(RIGHT(B8,1)="1","Pelajar",IF(RIGHT(B8,1)="2","Umum","Tidak Diketahui")) -> Umum | E8: =VLOOKUP(LEFT(B8,2),'tabel bantu'!$A$2:$C$7,2,FALSE) -> Digital Marketing | F8: =VLOOKUP(LEFT(B8,2),'tabel bantu'!$A$2:$C$7,3,FALSE) -> 850000 | G8: =IF(OR(LEFT(B8,2)="DM",RIGHT(B8,1)="1"),15/100*F8,0) -> 127500 | H8: =SUM(F8,-G8) -> 722500
A9: 9 | B9: GD-108-2 | C9: Joko Suprapto | D9: =IF(RIGHT(B9,1)="1","Pelajar",IF(RIGHT(B9,1)="2","Umum","Tidak Diketahui")) -> Umum | E9: =VLOOKUP(LEFT(B9,2),'tabel bantu'!$A$2:$C$7,2,FALSE) -> Graphic Design | F9: =VLOOKUP(LEFT(B9,2),'tabel bantu'!$A$2:$C$7,3,FALSE) -> 800000 | G9: =IF(OR(LEFT(B9,2)="DM",RIGHT(B9,1)="1"),15/100*F9,0) -> 0 | H9: =SUM(F9,-G9) -> 800000
A10: 10 | B10: GD-114-2 | C10: Zainuddin | D10: =IF(RIGHT(B10,1)="1","Pelajar",IF(RIGHT(B10,1)="2","Umum","Tidak Diketahui")) -> Umum | E10: =VLOOKUP(LEFT(B10,2),'tabel bantu'!$A$2:$C$7,2,FALSE) -> Graphic Design | F10: =VLOOKUP(LEFT(B10,2),'tabel bantu'!$A$2:$C$7,3,FALSE) -> 800000 | G10: =IF(OR(LEFT(B10,2)="DM",RIGHT(B10,1)="1"),15/100*F10,0) -> 0 | H10: =SUM(F10,-G10) -> 800000
A11: 1 | B11: MO-107-2 | C11: Djamilah | D11: =IF(RIGHT(B11,1)="1","Pelajar",IF(RIGHT(B11,1)="2","Umum","Tidak Diketahui")) -> Umum | E11: =VLOOKUP(LEFT(B11,2),'tabel bantu'!$A$2:$C$7,2,FALSE) -> Microsoft Office | F11: =VLOOKUP(LEFT(B11,2),'tabel bantu'!$A$2:$C$7,3,FALSE) -> 500000 | G11: =IF(OR(LEFT(B11,2)="DM",RIGHT(B11,1)="1"),15/100*F11,0) -> 0 | H11: =SUM(F11,G11) -> 500000
A12: 5 | B12: MO-118-2 | C12: Chaerudin | D12: =IF(RIGHT(B12,1)="1","Pelajar",IF(RIGHT(B12,1)="2","Umum","Tidak Diketahui")) -> Umum | E12: =VLOOKUP(LEFT(B12,2),'tabel bantu'!$A$2:$C$7,2,FALSE) -> Microsoft Office | F12: =VLOOKUP(LEFT(B12,2),'tabel bantu'!$A$2:$C$7,3,FALSE) -> 500000 | G12: =IF(OR(LEFT(B12,2)="DM",RIGHT(B12,1)="1"),15/100*F12,0) -> 0 | H12: =SUM(F12,-G12) -> 500000
A13: 6 | B13: MO-103-2 | C13: Erza Syafi'e | D13: =IF(RIGHT(B13,1)="1","Pelajar",IF(RIGHT(B13,1)="2","Umum","Tidak Diketahui")) -> Umum | E13: =VLOOKUP(LEFT(B13,2),'tabel bantu'!$A$2:$C$7,2,FALSE) -> Microsoft Office | F13: =VLOOKUP(LEFT(B13,2),'tabel bantu'!$A$2:$C$7,3,FALSE) -> 500000 | G13: =IF(OR(LEFT(B13,2)="DM",RIGHT(B13,1)="1"),15/100*F13,0) -> 0 | H13: =SUM(F13,-G13) -> 500000
A14: 8 | B14: MO-112-1 | C14: Haryadi Susilo | D14: =IF(RIGHT(B14,1)="1","Pelajar",IF(RIGHT(B14,1)="2","Umum","Tidak Diketahui")) -> Pelajar | E14: =VLOOKUP(LEFT(B14,2),'tabel bantu'!$A$2:$C$7,2,FALSE) -> Microsoft Office | F14: =VLOOKUP(LEFT(B14,2),'tabel bantu'!$A$2:$C$7,3,FALSE) -> 500000 | G14: =IF(OR(LEFT(B14,2)="DM",RIGHT(B14,1)="1"),15/100*F14,0) -> 75000 | H14: =SUM(F14,-G14) -> 425000
A15: 4 | B15: SP-113-2 | C15: Muqoddam | D15: =IF(RIGHT(B15,1)="1","Pelajar",IF(RIGHT(B15,1)="2","Umum","Tidak Diketahui")) -> Umum | E15: =VLOOKUP(LEFT(B15,2),'tabel bantu'!$A$2:$C$7,2,FALSE) -> Senior Programming | F15: =VLOOKUP(LEFT(B15,2),'tabel bantu'!$A$2:$C$7,3,FALSE) -> 750000 | G15: =IF(OR(LEFT(B15,2)="DM",RIGHT(B15,1)="1"),15/100*F15,0) -> 0 | H15: =SUM(F15,-G15) -> 750000
A17: SORTING
A18: NO | B18: NO.INDUK | C18: NAMA PESERTA | D18: PEKERJAAN | E18: NAMA KELAS | F18: BIAYA | G18: DISKON | H18: TOTAL BIAYA
A19: 2 | B19: CA-116-1 | C19: Jamaludin | D19: =IF(RIGHT(B19,1)="1","Pelajar",IF(RIGHT(B19,1)="2","Umum","Tidak Diketahui")) -> Pelajar | E19: =VLOOKUP(LEFT(B19,2),'tabel bantu'!$A$2:$C$7,2,FALSE) -> Computerized Accounting | F19: =VLOOKUP(LEFT(B19,2),'tabel bantu'!$A$2:$C$7,3,FALSE) -> 600000 | G19: =IF(OR(LEFT(B19,2)="DM",RIGHT(B19,1)="1"),15/100*F19,0) -> 90000 | H19: =SUM(F19,-G19) -> 510000
A20: 7 | B20: CA-110-1 | C20: Merry Rayana | D20: =IF(RIGHT(B20,1)="1","Pelajar",IF(RIGHT(B20,1)="2","Umum","Tidak Diketahui")) -> Pelajar | E20: =VLOOKUP(LEFT(B20,2),'tabel bantu'!$A$2:$C$7,2,FALSE) -> Computerized Accounting | F20: =VLOOKUP(LEFT(B20,2),'tabel bantu'!$A$2:$C$7,3,FALSE) -> 600000 | G20: =IF(OR(LEFT(B20,2)="DM",RIGHT(B20,1)="1"),15/100*F20,0) -> 90000 | H20: =SUM(F20,-G20) -> 510000
A21: 3 | B21: DM-105-2 | C21: Bela Ngadiya | D21: =IF(RIGHT(B21,1)="1","Pelajar",IF(RIGHT(B21,1)="2","Umum","Tidak Diketahui")) -> Umum | E21: =VLOOKUP(LEFT(B21,2),'tabel bantu'!$A$2:$C$7,2,FALSE) -> Digital Marketing | F21: =VLOOKUP(LEFT(B21,2),'tabel bantu'!$A$2:$C$7,3,FALSE) -> 850000 | G21: =IF(OR(LEFT(B21,2)="DM",RIGHT(B21,1)="1"),15/100*F21,0) -> 127500 | H21: =SUM(F21,-G21) -> 722500
A22: 9 | B22: GD-108-2 | C22: Joko Suprapto | D22: =IF(RIGHT(B22,1)="1","Pelajar",IF(RIGHT(B22,1)="2","Umum","Tidak Diketahui")) -> Umum | E22: =VLOOKUP(LEFT(B22,2),'tabel bantu'!$A$2:$C$7,2,FALSE) -> Graphic Design | F22: =VLOOKUP(LEFT(B22,2),'tabel bantu'!$A$2:$C$7,3,FALSE) -> 800000 | G22: =IF(OR(LEFT(B22,2)="DM",RIGHT(B22,1)="1"),15/100*F22,0) -> 0 | H22: =SUM(F22,-G22) -> 800000
A23: 10 | B23: GD-114-2 | C23: Zainuddin | D23: =IF(RIGHT(B23,1)="1","Pelajar",IF(RIGHT(B23,1)="2","Umum","Tidak Diketahui")) -> Umum | E23: =VLOOKUP(LEFT(B23,2),'tabel bantu'!$A$2:$C$7,2,FALSE) -> Graphic Design | F23: =VLOOKUP(LEFT(B23,2),'tabel bantu'!$A$2:$C$7,3,FALSE) -> 800000 | G23: =IF(OR(LEFT(B23,2)="DM",RIGHT(B23,1)="1"),15/100*F23,0) -> 0 | H23: =SUM(F23,-G23) -> 800000
A24: 1 | B24: MO-107-2 | C24: Djamilah | D24: =IF(RIGHT(B24,1)="1","Pelajar",IF(RIGHT(B24,1)="2","Umum","Tidak Diketahui")) -> Umum | E24: =VLOOKUP(LEFT(B24,2),'tabel bantu'!$A$2:$C$7,2,FALSE) -> Microsoft Office | F24: =VLOOKUP(LEFT(B24,2),'tabel bantu'!$A$2:$C$7,3,FALSE) -> 500000 | G24: =IF(OR(LEFT(B24,2)="DM",RIGHT(B24,1)="1"),15/100*F24,0) -> 0 | H24: =SUM(F24,G24) -> 500000
A25: 5 | B25: MO-118-2 | C25: Chaerudin | D25: =IF(RIGHT(B25,1)="1","Pelajar",IF(RIGHT(B25,1)="2","Umum","Tidak Diketahui")) -> Umum | E25: =VLOOKUP(LEFT(B25,2),'tabel bantu'!$A$2:$C$7,2,FALSE) -> Microsoft Office | F25: =VLOOKUP(LEFT(B25,2),'tabel bantu'!$A$2:$C$7,3,FALSE) -> 500000 | G25: =IF(OR(LEFT(B25,2)="DM",RIGHT(B25,1)="1"),15/100*F25,0) -> 0 | H25: =SUM(F25,-G25) -> 500000
A26: 6 | B26: MO-103-2 | C26: Erza Syafi'e | D26: =IF(RIGHT(B26,1)="1","Pelajar",IF(RIGHT(B26,1)="2","Umum","Tidak Diketahui")) -> Umum | E26: =VLOOKUP(LEFT(B26,2),'tabel bantu'!$A$2:$C$7,2,FALSE) -> Microsoft Office | F26: =VLOOKUP(LEFT(B26,2),'tabel bantu'!$A$2:$C$7,3,FALSE) -> 500000 | G26: =IF(OR(LEFT(B26,2)="DM",RIGHT(B26,1)="1"),15/100*F26,0) -> 0 | H26: =SUM(F26,-G26) -> 500000
A27: 8 | B27: MO-112-1 | C27: Haryadi Susilo | D27: =IF(RIGHT(B27,1)="1","Pelajar",IF(RIGHT(B27,1)="2","Umum","Tidak Diketahui")) -> Pelajar | E27: =VLOOKUP(LEFT(B27,2),'tabel bantu'!$A$2:$C$7,2,FALSE) -> Microsoft Office | F27: =VLOOKUP(LEFT(B27,2),'tabel bantu'!$A$2:$C$7,3,FALSE) -> 500000 | G27: =IF(OR(LEFT(B27,2)="DM",RIGHT(B27,1)="1"),15/100*F27,0) -> 75000 | H27: =SUM(F27,-G27) -> 425000
A28: 4 | B28: SP-113-2 | C28: Muqoddam | D28: =IF(RIGHT(B28,1)="1","Pelajar",IF(RIGHT(B28,1)="2","Umum","Tidak Diketahui")) -> Umum | E28: =VLOOKUP(LEFT(B28,2),'tabel bantu'!$A$2:$C$7,2,FALSE) -> Senior Programming | F28: =VLOOKUP(LEFT(B28,2),'tabel bantu'!$A$2:$C$7,3,FALSE) -> 750000 | G28: =IF(OR(LEFT(B28,2)="DM",RIGHT(B28,1)="1"),15/100*F28,0) -> 0 | H28: =SUM(F28,-G28) -> 750000

Sheet GRAFIK
A2: KELAS | B2: TOTAL BIAYA
A3: Computerized Accounting | B3: =SUMIF(Laporan!D6:D15,"Computerized Accounting",Laporan!H6:H15) -> 1020000
A4: Digital Marketing | B4: 722500
A5: Graphic Design | B5: 1600000
A6: Microsoft Office | B6: 1925000
A7: Senior Programming | B7: 750000
A8: Grand Total | B8: =SUM(B3:B7) -> 6017500
A27: Nama Kelas | B27: Pekerjaan
B28: Pelajar | C28: Umum
A29: =PROPER(A3) -> Computerized Accounting | B29: 1020000
A30: =PROPER(A4) -> Digital Marketing | C30: 722500
A31: =PROPER(A5) -> Graphic Design | C31: 1600000
A32: =PROPER(A6) -> Microsoft Office | B32: 425000 | C32: 1500000
A33: =PROPER(A7) -> Senior Programming | C33: 750000
A34: =PROPER(A8) -> Grand Total | B34: =SUM(B29:B33) -> 1445000 | C34: =SUM(C29:C33) -> 4572500
